{
  "feature_names": [
    "openReports",
    "inReviewReports",
    "recentReports7d",
    "roadIssues7d",
    "severeRoadIssues7d",
    "congestionScore",
    "historicalAverageVolumeKg",
    "historicalSamples",
    "missedPickupsScore",
    "summaryIssueScore"
  ],
  "means": [
    8.0,
    1.5,
    7.5,
    1.5,
    0.3333333333333333,
    27.0,
    223.0,
    7.5,
    1.4000000000000001,
    30.5
  ],
  "scales": [
    2.857738033247041,
    0.9574271077563381,
    2.29128784747792,
    0.9574271077563381,
    0.4714045207910317,
    7.082843120291926,
    54.99090833947008,
    1.707825127659933,
    0.6831300510639732,
    9.322910847297997
  ],
  "weights": [
    20.749102593264155,
    7.00581863007569,
    18.189994304836524,
    9.26318857376567,
    0.3294677003254731,
    20.140573920180636,
    18.189994304837658,
    10.315451186905094,
    10.315451186906536,
    19.771833212267914
  ],
  "intercept": 446.6791666666666,
  "rmse": 0.2501831236248108,
  "trained_rows": 48,
  "trained_at": "2026-04-14T10:52:47.528879+00:00",
  "model_source": "python-ml",
  "model_version": "python-linear-v1"
}